id,lat,lon,name
1,19.4335714,-99.1678091,1 RIO SENA-RIO BALSAS
2,19.431386,-99.171695,2 RIO GUADALQUIVIR-RIO BALSAS
3,19.431655,-99.158668,3 REFORMA-INSURGENTES
4,19.428309,-99.171713,4 RIO NILO-RIO PANUCO
5,19.42972,-99.169363,5 RIO PANUCO-RIO TIBER
6,19.430922,-99.166959,6 RIO PANUCO-RIO SENA
7,19.425468,-99.175166,7 RIO ELBA-RIO LERMA
8,19.431141,-99.158317,8 REFORMA-GENERAL PRIM
9,19.428009,-99.169918,9 RIO GUADALQUIVIR-RIO LERMA
10,19.433321,-99.154752,10 REFORMA-RAMIREZ
11,19.430992,-99.163593,11 RIO AMAZONAS-RIO LERMA
12,19.432313,-99.161597,12 RIO LERMA-VILLALONGIN
13,19.42502,-99.17231,13 REFORMA-RIO MISSISSIPPI
14,19.424768,-99.173261,14 REFORMA-RIO DE PLATA
15,19.425477,-99.171567,15 REFORMA-RIO MISSISSIPPI
16,19.427226,-99.168242,16 REFORMA-RÍO TIBER
17,19.427501,-99.167125,17 REFORMA-RIO TIBER
18,19.42888,-99.164176,18 REFORMA-RIO RHIN
19,19.429241,-99.163377,19 REFORMA-RIO RHIN
20,19.430964,-99.160206,20 REFORMA-RIO TAMESIS
21,19.42472,-99.17206,21 REFORMA-DUBLIN
22,19.424375,-99.172575,22 REFORMA-MANCHESTER
23,19.42517,-99.17105,23 REFORMA-PRAGA
24,19.42647,-99.16822,24 REFORMA-VARSOVIA
25,19.427317,-99.166662,25 REFORMA-ESTOCOLMO
26,19.432685,-99.154726,26 REFORMA-VERSALLES
27,19.429115,-99.162614,27 REFORMA-HAVRE
28,19.423542,-99.172494,28 TOLEDO-TOKIO
29,19.434913,-99.149939,29 REFORMA-BUCARELI
30,19.426442,-99.164323,30 HAMBURGO-GENOVA
31,19.427838,-99.161193,31 HAMBURGO-INSURGENTES
32,19.422705,-99.169922,32 LONDRES-SEVILLA
33,19.424234,-99.166431,E33 LONDRES-FLORENCIA
34,19.424725,-99.163331,34 LIVERPOOL-GENOVA
35,19.424674,-99.163292,35 LIVERPOOL-GENOVA
36,19.419725,-99.175778,36 PUEBLA-VERACRUZ
37,19.420419,-99.172676,37 GUADALAJARA-PUEBLA
38,19.420801,-99.171407,38 COZUMEL-PUEBLA
39,19.421759,-99.16694,39 PUEBLA-MEDELLÍN
40,19.42223,-99.164297,40 OAXACA-PUEBLA
41,19.435637,-99.150137,41 REFORMA-AV. DE LA REPUBLICA
42,19.420472,-99.168238,42 SINALOA-VALLADOLID
43,19.435228,-99.146063,43 JUAREZ-REVILLAGIGEDO
44,19.418057,-99.174761,44 DURANGO-VERACRUZ
45,19.418649,-99.172127,45 DURANGO-SONORA
46,19.419214,-99.169732,46 DURANGO-SALAMANCA
47,19.419515,-99.166299,47 GLORIETA CIBELES-OAXACA
48,19.433686,-99.146557,48 INDEPENDENCIA-AZUETA
49,19.416712,-99.175704,49 MAZATLAN-JUAN DE LA BARRERA
50,19.416938,-99.173648,50 CUERNAVACA-VERACRUZ
51,19.417995,-99.168248,51 COLIMA-OAXACA
52,19.436236,-99.142039,52 HIDALGO-TRUJANO
53,19.414773,-99.178433,53 FERNANDO MONTES DE OCA-TULA
54,19.416215,-99.170825,54 PARQUE ESPAÑA-SONORA
55,19.434356,-99.138064,55 5 DE MAYO-BOLIVAR
56,19.416959,-99.165702,56 ALVARO OBREGON-MEDELLIN
57,19.414903,-99.17495,57 CUERNAVACA-JUAN ESCUTIA
58,19.41568,-99.171793,58 PARQUE ESPAÑA-JUAN DE LA BARRERA
59,19.415121,-99.166661,59 POPOCATEPETL-AMSTERDAM
60,19.414191,-99.177123,60 MAZATLAN-FERNANDO MONTES DE OCA
61,19.413742,-99.169525,61 AVENIDA MEXICO-SONORA
62,19.413322,-99.175202,62 FERNANDO MONTES DE OCA-AMATLAN
63,19.413681,-99.171531,63 NUEVO LEON- LAREDO
64,19.412877,-99.166986,64 SONORA-AMSTERDAM
65,19.436142,-99.139906,65 MARCONI-TACUBA
66,19.411402,-99.178666,66 MAZATLAN-FRANCISCO MARQUEZ
67,19.411797,-99.17588,67 VICENTE SUAREZ-MICHOACAN
68,19.411556,-99.17406,68 TAMAULIPAS-MICHOACAN
69,19.410733,-99.168111,69 MICHOACAN-AMSTERDAM
70,19.411272,-99.169718,70 PARQUE MEXICO-MICHOACAN
71,19.411423,-99.171351,71 AMSTERDAM-MICHOACAN
72,19.409893,-99.179544,72 MAZATLAN-ALFONSO REYES
73,19.410245,-99.175612,73 CAMPECHE-TAMAULIPAS
74,19.410343,-99.172831,74 NUEVO LEON-OZULAMA
75,19.408722,-99.17669,75 ALFONSO REYES-ATLIXCO
76,19.408736,-99.169913,76 CHILPANCINGO-CAMPECHE
77,19.406765,-99.178321,77 CHOAPAN-TAMAULIPAS
78,19.407503,-99.177382,78 BENJAMIN HILL-TAMAULIPAS
79,19.407534,-99.174427,79 SALTILLO-ALFONSO REYES
80,19.407307,-99.172118,80 NUEVO LEON-AGUASCALIENTES
81,19.408006,-99.168475,81 AGUASCALIENTES-INSURGENTES
82,19.433115,-99.143686,82 INDEPENDENCIA-MARROQUI
83,19.406296,-99.172117,83 NUEVO LEON-ALFONSO REYES
84,19.40702,-99.169587,84 CHILPANCINGO-TLAXCALA
85,19.43425,-99.162508,85 ROSAS MORENO-SULLIVAN
86,19.432378,-99.159077,86 SULLIVAN-INSURGENTES
87,19.43182,-99.13974,87 GANTE-VENUSTIANO CARRANZA
88,19.433815,-99.135303,88 2A CDA 5 DE MAYO-PALMA
89,19.434946,-99.133989,89 REPUBLICA DE GUATEMALA-MONTE DE PIEDAD
90,19.431698,-99.132446,90 JOSE MARIA PINO SUAREZ-CORREGIDORA
91,19.4374,-99.137571,91 REPUBLICA DE CUBA-ALLENDE
92,19.436531,-99.131497,92 SAN ILDEFONSO-REPUBLICA DE ARGENTINA
93,19.436741,-99.134811,93 PALMA NORTE-REPUBLICA DE CUBA
94,19.433766,-99.130918,94 LIC. VERDAD-MONEDA
95,19.430722,-99.133698,95 20 DE NOVIEMBRE-VENUSTIANO CARRANZA
96,19.430625,-99.14248,96 LOPEZ-AYUNTAMIENTO
97,19.429189,-99.132759,97 REPUBLICA DE SALVADOR-PINO SUAREZ
98,19.430267,-99.14861,98 EMILIO DONDE-AV. BALDERAS
99,19.42995,-99.14591,99 ERNESTO PUGIBET-LUIS MOYA
100,19.428485,-99.1338,100 20 DE NOVIEMBRE-MESONES
101,19.428366,-99.135895,101 1ER. CALLEJÓN DE MESONES-MESONES
102,19.42821,-99.13949,102 ECHEVESTE-BOLIVAR
103,19.441669,-99.165217,103 JOAQUÍN VELÁZQUEZ DE LEÓN-GARCÍA ICAZBALCETA
104,19.427059,-99.137116,104 SAN JERONIMO-ISABEL LA CATOLICA
105,19.426755,-99.135014,105 SAN JERONIMO-5 DE FEBRERO
106,19.42649,-99.133537,106 SAN JERONIMO-JOSE MARIA PINO SUAREZ
107,19.427329,-99.149971,107 TOLSA-BALDERAS
108,19.427305,-99.149533,E108 TOLSA-BALDERAS
109,19.425311,-99.137421,109 NEZAHUALCOYOTL-ISABEL LA CATOLICA
110,19.42513,-99.14339,110 DR. VALENZUELA-DR. RÍO DE LA LOZA
111,19.4382369,-99.1659465,111 GUILLERMO PRIETO-JOAQUÍN VELÁZQUEZ DE LEÓN
112,19.432819,-99.151734,112 AV. MORELOS-ABRAHAM GONZALEZ
113,19.430369,-99.154419,113 GENERAL PRIM-VERSALLES
114,19.428989,-99.153618,114 LUCERNA-ABRAHAM GONZALEZ 
115,19.429947,-99.159698,115 ROMA-DINAMARCA 
116,19.428985,-99.15664,116 LONDRES-ROMA
117,19.427132,-99.160369,117 LONDRES-NAPOLES 
118,19.427114,-99.158251,118 LIVERPOOL-DINAMARCA
119,19.42679,-99.15554,119 TURÍN-ABRAHAM GONZÁLEZ
120,19.425437,-99.159458,120 MARSELLA-NAPOLES
121,19.424137,-99.161317,121 NIZA-CHAPULTEPEC
122,19.425502,-99.146337,122 JOSE MARIA VERTIZ-AV.DR. RIO DE LA LOZA
123,19.424161,-99.153117,123 CLAUDIO BERNARD-DR. LAVISTA
124,19.422392,-99.150358,124 CLAUDIO BERNARD-DR. LICEAGA
125,19.424541,-99.156204,125 MORELIA-CIRCULAR DE MORELIA
126,19.422288,-99.162138,126 JALAPA-PUEBLA
127,19.423318,-99.15833,127 PUEBLA-MERIDA
128,19.422148,-99.160645,128 ORIZABA-RIO DE JANEIRO
129,19.4206,-99.163312,129 TONALÁ-DURANGO
130,19.421576,-99.158015,130 MÉRIDA-DURANGO
131,19.419579,-99.161314,131 COLIMA-JALAPA
132,19.420667,-99.15645,132 COLIMA-FRONTERA
133,19.421138,-99.154725,133 COLIMA-MORELIA
134,19.418304,-99.15956,134 ÁLVARO OBREGÓN-ORIZABA
135,19.419225,-99.155099,135 ÁLVARO OBREGÓN-MORELIA
136,19.417715,-99.162729,136 ÁLVARO OBREGÓN-TONALÁ
137,19.418774,-99.157081,137 ÁLVARO OBREGÓN-MÉRIDA
138,19.417702,-99.155313,138 GUANAJUATO-FRONTERA
139,19.416128,-99.162097,E139 TONALÁ-GUANJUATO
140,19.416605,-99.156853,140 MÉRIDA-ZACATECAS
141,19.415905,-99.15954,141 ZACATECAS-LUIS CABRERA
142,19.413232,-99.164121,142 SAN LUIS POTOSI-EJE 2 PTE. MONTERREY
143,19.414303,-99.157542,143 CÓRDOBA-SAN LUIS POTOSÍ
144,19.415192,-99.154837,144 FRONTERA-SAN LUIS POTOSÍ
145,19.41286,-99.160661,145 EJE 2 SUR YUCATÁN-CHIAPAS
146,19.410737,-99.165716,146 COAHUILA-MANZANILLO
147,19.412182,-99.158443,147 COAHUILA-ORIZABA
148,19.412829,-99.155116,148 COAHUILA-AV.CUAUHTEMOC
149,19.41199,-99.155699,149 MÉRIDA-ANTONIO ANZA
150,19.409965,-99.164292,150 CAMPECHE-MEDELLÍN
151,19.410529,-99.160873,151 CAMPECHE-TONALÁ
152,19.409098,-99.167181,152 TLACOTALPAN-CAMPECHE
153,19.407468,-99.165141,153 MANZANILLO-TLAXCALA
154,19.406683,-99.167962,154 TUXPAN-TLAXCALA
155,19.408218,-99.159911,E155 JALAPA-TLAXCALA
156,19.407121,-99.162202,156 TEPIC-AMENALCO
157,19.406236,-99.166616,157 TEPIC-TLACOTALPAN
158,19.407447,-99.155717,158 HUATABAMPO-EJE 1PTE. CUAUHTÉMOC
159,19.407517,-99.155373,159 HUATABAMPO-EJE 1 PTE. AV. CUAUHTÉMOC
160,19.44025,-99.16346,E160 ALFONSO HERRERA-GABINO BARRERA
161,19.405533,-99.164913,161 QUINTANA ROO-MANZANILLO
162,19.404907,-99.162485,162 TEHUANTEPEC-MEDELLÍN
163,19.405246,-99.156431,163 TOLUCA-BAJÍO
164,19.403204,-99.16596,164 BAJÍO-TLACOTALPAN
165,19.404268,-99.160503,165 BAJÍO-EJE 2 PTE. MONTERREY
166,19.406069,-99.183549,166 PROGRESO-CDA. ANTONIO MACEO
167,19.404651,-99.179375,167 GENERAL SALVADOR ALVARADO-PROGRESO
168,19.403997,-99.1776,168 COMERCIO-PROGRESO
169,19.403019,-99.174934,169 PROSPERIDAD-PROGRESO
170,19.404029,-99.184342,170 OBSERVATORIO ORIENTE-REVOLUCIÓN
171,19.402584,-99.178199,171 COMERCIO-JOSE MARTÍ
172,19.4034921,-99.1816002,172 GENERAL FRANCISCO MURGUIA-JOSE MARTÍ
173,19.401682,-99.176398,173 MINERÍA-JOSÉ MARTÍ
174,19.44111,-99.16164,174 JOAQUÍN GARCIA-IGNACIO MANUEL ALTAMIRANO
175,19.400767,-99.172533,E175 MUTUALISMO-JOSÉ MARTí
176,19.442689,-99.152286,176 AV. JESÜS GARCÏA-LUIS DONALDO COLOSIO
177,19.408841,-99.181692,177 BENJAMIN HILL-CARLOS ZETINA
178,19.406833,-99.180457,178 TAMAULIPAS-FRANCISCO MURGUÍA
179,19.404452,-99.171438,179 NUEVO LEÓN-QUINTANA ROO
180,19.404554,-99.169953,180 QUINTANA ROO-VILLA HERMOSA
181,19.40472,-99.17448,181 BENJAMIN FRANKLIN-OMETUSCO
182,19.402089,-99.17139,182 PROGRESO-ASTRONOMOS
183,19.43767,-99.16402,183 GABINO BARRERA-GUILLERMO PRIETO
184,19.41479,-99.18508,184 GRAL GÓMEZ PEDRAZA-GOBERNADOR TIBURCIO M
185,19.4128,-99.1828,185 GRAL ANTONIO LÉON-GRAL PEDRO A DE LOS S.
186,19.4124291,-99.1885117,186 GREGORIO V GELATI-FRANCISCO MOLINOS DEL C
187,19.41123,-99.18551,187 GENERAL CANO-GOBERNADOR GREGORIO V GELATI
188,19.41171,-99.19014,188 GDOR MELCHOR MÚZQUIZ-GDOR IGNACIO ESTEVA 
189,19.41004,-99.18798,189 GDOR RAFAEL REBOLLAR-GDOR JOSÉ CEBALLOS
190,19.409569,-99.183833,E190 GDOR IGNACIO ESTEVA-MTRO JOSÉ VASCONCELOS
191,19.4079,-99.18795,191 GDOR RAFAEL REBOLLAR-GDOR VICENTE EGUIA
192,19.42592,-99.190755,192 RUBEN DARIO-REFORMA
193,19.425907,-99.190733,193 RUBEN DARIO-REFORMA
194,19.424282,-99.180334,194 CTO MAHATMA GANDHI-AV. PASEO DE LA REFORMA
195,19.424926,-99.185147,195 AV. PASEO DE LA REFORMA-CTO MAHATMA GANDHI
196,19.438349,-99.192904,196 LAGO TANGANICA-AV. EJERCITO NACIONAL
197,19.440077,-99.204316,197 MIGUEL DE CERVANTES-FC DE CUERNAVACA
198,19.438168,-99.203888,198 SÓCRATES-EJERCITO NACIONAL 
199,19.437934,-99.197241,199 ANATOLE FRANCE-AV. EJERCITO NACIONAL
200,19.437596,-99.188785,200 EMERSON-AV. EJERCITO NACIONAL
201,19.437431,-99.187215,201 LOPE DE VEGA-EJERCITO NACIONAL 
202,19.43617,-99.198943,202 CALDERON DE LA BARCA-AV. HOMERO
203,19.435985,-99.194832,203 TENNYSON-AV. HOMERO
204,19.435882,-99.19152,204 TEMISTOCLES-HOMERO
205,19.435525,-99.184713,205 TAINE-HOMERO
206,19.435798,-99.201419,206 MOLIERE-HOMERO 
207,19.434861,-99.183322,207 TASSO-HOMERO 
208,19.434182,-99.189835,208 HESIODO-LAMARTINE 
209,19.435478,-99.206359,209 SOLON-HORACIO 
210,19.434076,-99.194091,210 EUGENIO SUE-HORACIO 
211,19.433607,-99.188528,211 NEWTON-HORACIO
212,19.433567,-99.188096,212 HEGEL-HORACIO 
213,19.43432,-99.20632,213 SOLÓN-CICERÓN
214,19.434353,-99.20322,214 PLATÓN-HORACIO
215,19.43384,-99.19968,215 EDGAR ALAN POE-HORACIO
216,19.433419,-99.195746,216 ALEJANDRO DUMAS-HORACIO 
217,19.432888,-99.183605,217 EULER-AV. HORACIO 
218,19.432451,-99.188033,218 HEGEL-IBARBOUROU 
219,19.433542,-99.207808,219 ESOPO-FC DE CUERNAVACA
220,19.432655,-99.205727,220 PLINIO-PRESIDENTE MASARYK 
221,19.431799,-99.201565,221 EMILIO CASTELAR-PRESIDENTE MASARYK 
222,19.431417,-99.195774,E222 ALEJANDRO DUMAS-PRESIDENTE MASARYK
223,19.431242,-99.191613,223 NEWTON-PRESIDENTE MASARYK 
224,19.431255,-99.188065,224 HEGEL-PRESIDENTE MASARYK
225,19.431172,-99.185612,225 PETRARCA-PRESIDENTE MASARYK
226,19.431033,-99.18222,226 WALLON-PRESIDENTE MASARYK
227,19.431791,-99.207373,227 CAMPOS ELÍSEOS-PERIFÉRICO
228,19.427705,-99.19912,228 CAMPOS ELÍSEOS-JEAN DE LA FONTAINE
229,19.430515,-99.203331,229 DICKENS-SENECA
230,19.430098,-99.200074,230 EDGAR ALAN POE-DICKENS
231,19.42977,-99.19349,231 NEWTON-ARISTOTELES 
232,19.42894,-99.185389,232 TAINE-RUBEN DARÍO 
233,19.429314,-99.196965,233 JULIO VERNE-LUIS G. URBINA 
234,19.42783,-99.191539,234 TRES PICOS-ARQUÍMIDES 
235,19.42933,-99.20218,235 CAMPOS ELISEOS-MOLIERE 
236,19.42944,-99.20243,236 CAMPOS ELISEOS-MOLIERE 
237,19.426744,-99.193986,237 ANDRÉS BELLO-ELLIOT 
238,19.426765,-99.193752,238 ANDRÉS BELLO-ELLIOT 
239,19.430153,-99.181355,239 RINCON DEL BOSQUE-RUBEN DARÍO 
240,19.43855,-99.2063,240 EJERCITO NACIONAL-F.C. DE CUERNAVACA 
241,19.43862,-99.20758,E241 EJERCITO NAL-JUAN VAZQUEZ DE LA MELLA 
242,19.440344,-99.20105,242 MIGUEL DE CERVANTES SAAVEDRA-PROL MOLIERE 
243,19.440839,-99.196712,243 MIGUEL DE CERVANTES SAAVEDRA-LAGO FILT 
244,19.440885,-99.193315,244 MIGUEL DE CERVANTES SAAVEDRA-LAGO VICTORIA 
245,19.43819,-99.19048,245 LAGO ONEGA-AV. EJERCITO NACIONAL 
246,19.434147,-99.179835,246 LEIBNITZ-THIERS
247,19.432276,-99.18064,E247 HERSCHEL-ROUSSEAU 
248,19.43175,-99.177399,248 SHAKESPEARE-LAFAYETTE 
249,19.429877,-99.177569,249 SHAKESPEARE-DARWIN 
250,19.429057,-99.17966,250 DARWIN-MARIANO ESCOBEDO 
251,19.429261,-99.17538,251 GOETHE-DARWIN 
252,19.427575,-99.17702,252 VICTOR HUGO-SHAKESPEARE 
253,19.425835,-99.177924,253 DANTE-TOLSTOI 
254,19.43935,-99.16007,254 ALFONSO HERRERA-MIGUEL SHULTZ 
255,19.437159,-99.161808,255 JOSE ROSAS MORENO-GUILLERMO PRIETO 
256,19.4372,-99.15816,256 GÓMEZ FARÍAS-SADI CARNOT 
257,19.4338,-99.16622,E257 MANUEL MARIA CONTRERAS-VILLALONGIN 
258,19.4167,-99.1791,258 CIRCUITO INTERIOR-JUAN ESCUTIA 
259,19.43757,-99.15468,259 TÓMAS ALVA EDISON-PONCIANO ARRIAGA 
260,19.435354,-99.147742,E260 AV JUAREZ-BALDERAS 
261,19.42495,-99.17246,261 PASEO DE LA REFORMA - RÍO DE LA PLATA
262,19.43693,-99.13395,262 REPUBLICA DE CUBA-REPUBLICA DE BRASIL 
263,19.436274,-99.158425,263 SADI CARNOT-GÓMEZ FARIAS 
264,19.440985,-99.152935,264 HÉROES FERROCARRILEROS-AV. CENTRAL
265,19.440839,-99.152265,265 HÉROES FERROCARRILEROS-JESÚS GARCIA
266,19.444031,-99.152187,266 AV. JESÚS GARCIA-CARLOS J. MENESES 
267,19.443735,-99.152203,267 AV. JESÜS GARCÏA-CARLOS J. MENESES
268,19.442467,-99.151658,268 LUIS DONALDO COLOSIO-AV.JESÚS GARCÍA 
269,19.442448,-99.151586,269 LUIS DONALDO COLOSIO-ALDAMA 
270,19.43676,-99.15387,270 DE LA REPUBLICA-PONCIANO ARRIAGA 
271,19.443928,-99.152525,271 AV. CENTRAL-J. MENESES 
272,19.443556,-99.152556,272 AV. CENTRAL-J. MENESES 
273,19.442707,-99.152956,273 LUIS DONALDO COLOSIO-AV. CENTRAL
274,19.442772,-99.153289,274 LUIS DONALDO COLOSIO-AV INSURGENTES NORTE 
275,19.441062,-99.153164,275 HÉROES FERROCARRILEROS-AV. INSURGENTES NORTE
276,19.401986,-99.156366,276 ANAXÁGORAS-OBRERO MUNDIAL
277,19.401807,-99.15909,277 AMPLIACIÓN TONALÁ-OBRERO MUNDIAL
278,19.40071,-99.163831,278 MIER Y PESADO-OBRERO MUNDIAL
279,19.399908,-99.166553,279 LA MORENA-PROVIDENCIA
280,19.4015,-99.156406,280 ANAXÁGORAS-OBRERO MUNDIAL
281,19.398532,-99.157308,281 PITÁGORAS-LA MORENA
282,19.398692,-99.161273,282 LA MORENA-EJE 2 PONIENTE GABRIEL MANCERA
283,19.39827,-99.167383,283 AV. COYOACÁN-RAFAEL DONDE
284,19.397693,-99.172981,284 DAKOTA-VERMONT
285,19.3997946,-99.1775178,285 12 DE OCTUBRE-MINERIA
286,19.399201,-99.179943,286 13 DE SEPTIEMBRE-AVENIDA PATRIOTISMO
287,19.398946,-99.183254,287 13 DE SEPTIEMBRE-PUENTE DE LA MORENA
288,19.396333,-99.183575,288 11 DE ABRIL-AVENIDA 2
289,19.397308,-99.174548,289 CHICAGO-YOSEMITE
290,19.396333,-99.172667,290 YOSEMITE-COLORADO
291,19.397651,-99.169946,291 MAGDALENA-DIVISIÓN DEL NORTE
292,19.396917,-99.166264,292 ADOLFO PRIETO-EJE 4 SUR XOLA
293,19.397373,-99.164598,293 MIER Y PESADO-EJE 4 SUR XOLA
294,19.396513,-99.160924,294 NICOLÁS SAN JUAN-EJE 4 SUR XOLA
295,19.396328,-99.156871,295 ANAXÁGORAS-EJE 4 SUR XOLA
296,19.394283,-99.158756,E296 DIAGONAL SAN ANTONIO-ENRIQUE RÉBSAMEN
297,19.394412,-99.158907,297 DIAGONAL SAN ANTONIO-ENRIQUE RÉBSAMEN
298,19.394073,-99.16214,298 ROMERO DE TERREROS-GABRIEL MANCERA
299,19.394601,-99.165054,299 ROMERO DE TERREROS-MIER Y PESADO
300,19.393268,-99.168333,E300 PROVIDENCIA -LUZ SAVIÑON
301,19.393807,-99.171133,301 LUZ SAVIÑÓN-MAGDALENA
302,19.393832,-99.171466,302 LUZ SAVIÑON-MAGDALENA
303,19.394842,-99.173025,303 MONTESITO-AV. INSURGENTES
304,19.395043,-99.173821,304 MONTESITO-DAKOTA
305,19.394693,-99.175531,305 AVENIDA DEL PARQUE-ARIZONA
306,19.393699,-99.175664,306 DAKOTA-FILADELFIA
307,19.393701,-99.175834,307 MINESOTA-DAKOTA
308,19.393594,-99.178072,308 NUEVA YORK-ARIZONA
309,19.393162,-99.17956,309 PENNSYLVANIA-ARIZONA
310,19.395319,-99.181733,310 CALLE 1-AV. PATRIOTISMO
311,19.393665,-99.185391,311 CALLE 5-AVENIDA REVOLUCIÓN
312,19.392634,-99.183737,312 AVENIDA 2-CALLE 7
313,19.391431,-99.178989,313 PENNSYLVANIA-OKLAHOMA
314,19.391647,-99.177331,314 NUERVA YORK-LOUISIANA
315,19.391472,-99.1736,315 ALABAMA-MONTANA
316,19.391056,-99.1712,316 SAN FRANCISCO-CONCEPCIÓN BEISTEGUI
317,19.391456,-99.166157,317 AVENIDA COYOACÁN-TORRES ADALID
318,19.392249,-99.164127,318 LUZ SAVIÑÓN-AMORES
319,19.391991,-99.162684,319 DIAGONAL SAN ANTONIO-LUZ SAVIÑON
320,19.391323,-99.15936,320 ENRIQUE RÉBSAMEN-LUZ SAVIÑON
321,19.389477,-99.157513,321 TORRES ADALID-ANAXÁGORAS
322,19.388528,-99.160616,322 HERIBERTO FRÍAS-CONCEPCIÓN BEISTEGUI
323,19.389026,-99.163403,323 CONCEPCIÓN BEISTEGUI-GABRIEL MANCERA
324,19.3872468,-99.1656554,324 AMORES-AVENIDA EUGENIA
325,19.3881779,-99.1696894,325 PROVIDENCIA -AVENIDA DEL VALLE
326,19.388978,-99.174811,326 EUGENIA-NEBRASKA
327,19.38885,-99.17772,E327 GEORGIA -PENNSYLVANIA
328,19.392586,-99.184742,328 AVENIDA 1-CALLE 7
329,19.390306,-99.184812,329 CALLE 13-AVENIDA 1
330,19.389358,-99.182606,330 CALLE 15-AVENIDA PATRIOTISMO
331,19.388547,-99.183971,331 AVENIDA 2-CALLE 17
332,19.385508,-99.183809,332 SUR DE CALLE 27-AVENIDA 3
333,19.387624,-99.180978,333 GEORGIA -CAROLINA
334,19.386568,-99.175089,334 NUEVA YORK-AV. INSURGENTES
335,19.387003,-99.173504,335 MAGDALENA-AMEYALCO
336,19.385531,-99.169673,336 SAN BORJA-CDA. BARTOLOCHE
337,19.384849,-99.16704,337 SAN BORJA-MARTÍN MENLALDE
338,19.384249,-99.163273,338 NICOLAS SAN JUAN-SAN BORJA
339,19.386032,-99.160548,339 ENRIQUE RÉBSAMEN-AVENIDA EUGENIA
340,19.385571,-99.158188,340 ANAXÁGORAS-AVENIDA EUGENIA
341,19.382851,-99.158204,341 SAN BORJA-AVENIDA CUAUHTEMOC
342,19.381076,-99.159455,342 ANAXÁGORAS-ANGEL URRAZA EJE 6 SUR
343,19.384099,-99.160826,343 ENRIQUE RÉBSAMEN-DIVISIÓN DEL NORTE
344,19.382107,-99.162243,344 HERIBERTO FRÍAS-ANGEL URRAZA EJE 6 SUR
345,19.384498,-99.172223,345 MIRAFLORES-PATRICIO SANZ
346,19.385019,-99.174077,346 SAN FRANCISCO-SANTA MARGARITA
347,19.384378,-99.176097,347 PENNSYLVANIA-MAXIMINO AVILA CAMACHO
348,19.385365,-99.178216,348 INDIANA-AVENIDA SAN ANTONIO
349,19.385688,-99.180857,349 AUGUSTO RODIN-AVENIDA SAN ANTONIO
350,19.384062,-99.181482,350 JOSE CLEMENTE OROZCO-CORREGGIO
351,19.385751,-99.186297,351 CALLE 27-AVENIDA REVOLUCIÓN
352,19.384114,-99.185447,352 TINTORETO-GIORGINE
353,19.382168,-99.178808,353 CAROLINA-HOLBEIN
354,19.381665,-99.176685,354 BOSTON-AV. INSURGENTES
355,19.38205,-99.173291,355 CALIFORNIA-SACRAMENTO
356,19.381292,-99.170171,356 MATIAS ROMERO -ADOLFO PRIETO
357,19.380598,-99.1669248,357 MATIAS ROMERO -AMORES
358,19.380168,-99.164222,358 NICOLAS SAN JUAN-MATIAS ROMERO 
359,19.379269,-99.161169,359 MATIAS ROMERO -PESTALLOZZI
360,19.3790279,-99.1628259,E360 HERIBERTO FRÍAS-MATIAS ROMERO
361,19.380709,-99.17508,361 PORFIRIO DÍAZ-CAPULÍN
362,19.382207,-99.181043,362 AUGUSTO RODIN-ALBERTO BALDERAS
363,19.380813,-99.183851,363 HOLBEIN-PAULO UCELLO
364,19.383063,-99.185858,364 BOTICHELLI-CDA. DE GIORGONE
365,19.381117,-99.186687,365 HOLBEIN-AVENIDA REVOLUCIÓN
366,19.378345,-99.181973,366 PORFIRIO DÍAZ-AUGUSTO RODÍN
367,19.37946,-99.181632,367 BOSTON -AUGUSTO RODÍN
368,19.379246,-99.179344,368 PORFIRIO DÍAZ-CINCINATTI 
369,19.379884,-99.177478,369 PORFIRIO DÍAZ-AV. INSURGENTES
370,19.378818,-99.177054,370 TLACOQUEMECATL-AV. INSURGENTES
371,19.378542,-99.174328,371 TLACOQUEMECATL-CAPULIN
372,19.37797,-99.170289,372 DR. ROBERTO GAYOL-TLACOQUEMECATL
373,19.377968,-99.166663,373 PILARES-GABRIEL MANCERA
374,19.376964,-99.161116,374 PITÁGORAS-PILARES
375,19.376865,-99.158818,375 TENAYUCA-DIVISIÓN DEL NORTE
376,19.375442,-99.161595,376 PITÁGORAS-AV. UNIVERSIDAD
377,19.375394,-99.16375,377 HERIBERTO FRÍAS-MIGUEL LAURENT
378,19.375823,-99.168076,378 MIGUEL LAURENT-AMORES
379,19.375751,-99.17084,379 DR. ROBERTO GAYOL-MIGUEL LAURENT
380,19.374876,-99.173512,380 MORAS-SAN LORENZO
381,19.375541,-99.177894,381 SAN LORENZO-MANZANAS
382,19.375591,-99.178084,382 SAN LORENZO-AV. INSURGENTES
383,19.375764,-99.181527,383 LUIS CARACCI-2DA. LUIS CARACCI
384,19.375873,-99.185583,384 EMPRESA-POUSSIN
385,19.375651,-99.18558,385 POUSSIN-EMPRESA
386,19.37484,-99.185846,386 POUSSIN-DONATELLO
387,19.37455556,-99.18050556,387 CADIZ-EMPRESA
388,19.373038,-99.181355,388 VALENCIA-MALAGA
389,19.373528,-99.179356,389 SANTANDER-FELIX CUEVAS
390,19.373228,-99.17826,390 OSO-FELIX CUEVAS
391,19.373142,-99.178283,E391 OSO-FELIX CUEVAS
392,19.3730067,-99.1747749,392 PATRICIO SANZ-FELIX CUEVAS
393,19.372796,-99.172558,393 ADOLFO PRIETO-FELIX CUEVAS
394,19.372437,-99.171592,394 DR. ROBERTO GAYOL-FELIX CUEVAS
395,19.373742,-99.169814,395 SAN LORENZO-CALLEJÓN MARTÍN MENLALDE
396,19.371554,-99.170187,396 MARTÍN MENLALDE-FELIX CUEVAS
397,19.373194,-99.167247,397 SAN LORENZO-GABRIEL MANCERA
398,19.37103,-99.16566,398 SANCHEZ AZCONA-FELIX CUEVAS
399,19.372407,-99.164519,399 HERIBERTO FRÍAS-SAN LORENZO
400,19.3726458,-99.1642743,400 SAN LORENZO-HERIBERTO FRIAS
401,19.372147,-99.16158,401 SAN LORENZO-AVENIDA CUAUHTEMOC
402,19.3709452,-99.1587223,402 UXMAL-MUNICIPIO LIBRE
403,19.371371,-99.158639,403 UXMAL-MUNICIPIO LIBRE
404,19.373813,-99.157387,404 MIGUEL LAURENT-AVENIDA DIVISIÓN DEL NORTE
405,19.370619,-99.156626,405 DIVISIÓN DEL NORTE-MUNICIPIO LIBRE
406,19.367831,-99.163261,406 PARROQUIA AV. MEXICO-COYOACAN
407,19.367294,-99.158694,407 PROL. XOCHICALCO-GENERAL EMILIANO ZAPATA
408,19.36677,-99.156843,408 PROLONGACIÓN PETÉN-GENERAL EMILIANO ZAPATA
409,19.365102,-99.155499,409 AZORES-DIVISIÓN DEL NORTE
410,19.36564,-99.158063,410 PROLONGACIÓN TAJÍN-PROLONGACIÓN REPÚBLICAS
411,19.367864,-99.163626,411 PARROQUIA-AVENIDA MÉXICO-COYOACAN
412,19.3684182,-99.1654145,412 PARROQUIA-AVENIDA UNIVERSIDAD
413,19.369782,-99.171906,413 PARROQUIA-AVENIDA COYOACÁN
414,19.370187,-99.173712,414 PARROQUIA-JOSÉ IGNACIO BARTOLACHE
415,19.371498,-99.17602,415 SAN FRANCISCO-PARROQUÍA
416,19.371308,-99.177607,416 RECREO-PARROQUÍA
417,19.373262,-99.184333,417 GOYA-AUGUSTO RODÍN
418,19.371152,-99.183034,418 GALICIA-ACTIPAN
419,19.370606,-99.181502,419 ACTIPAN-CADIZ
420,19.369723,-99.17964,420 MARÍA LUZ BRINGAS-OSO
421,19.369467,-99.179401,421 MARÍA LUZ BRINGAS-OSO
422,19.368356,-99.177487,422 BUFALO-JOSÉ MARÍA RICO (EJE 8)
423,19.367631,-99.175342,423 MORAS-JOSÉ MARÍA RICO (EJE 8)
424,19.367208,-99.170531,424 AMORES-JOSÉ MARÍA RICO (EJE 8)
425,19.367087,-99.16741,425 NICOLAS SAN JUAN-AVENIDA UNIVERSIDAD
426,19.365519,-99.166017,426 CERRADA DE POPOCATEPETL-AV. POPOCATEPETL (EJE 
427,19.365023,-99.162993,427 AVENIDA MÉXICO-COYOACAN-AV. POPOCATEPETL (EJE 
428,19.363418,-99.160353,428 PROLONGACIÓN UXMAL-AV. POPOCATEPETL (EJE 8)
429,19.363071,-99.158292,429 PIRINEOS-AV. POPOCATEPETL (EJE 8)
430,19.362139,-99.154974,430 TRIPOLI-AV. POPOCATEPETL (EJE 8)
431,19.36145,-99.15822,431 BRUNO TRAVEN-PAZ MONTES DE OCA
432,19.361296,-99.162581,432 CARRILLO PUERTO-AV. MÉXICO-COYOACÁN
433,19.363558,-99.170819,433 JOSE MARÍA OLLOQUI-LOPÉZ COSTILLA
434,19.363741,-99.171268,E434 JOSE MARÍA OLLOQUI-AMORES
435,19.365154,-99.172906,435 RODRIGUEZ SARO-AVENIDA COYOACÁN
436,19.366217,-99.177819,436 RODRIGUEZ SARO-BUFALLO
437,19.36480833,-99.17602222,437 MORAS-COMUNAL
438,19.36479722,-99.17458333,438 ADOLFO PRIETO-JOSÉ MARÍA OLLOQUI
439,19.36218889,-99.17246667,439 AMORES-AVENIDA COYOACÁN
440,19.36065,-99.168669,440 REAL DE MAYORAZGO-PUENTE XOCO
441,19.361215,-99.167527,441 PUENTE XOCO-REAL DE MAYORAZGO
442,19.359905,-99.1653,442 REAL DE MAYORAZGO-AVENIDA MÉXICO-COYOACAN
443,19.359655,-99.162025,443 BRUNO TRAVEN-GOLONDRINAS
444,19.359384,-99.159425,444 GENERAL MANUEL RINCÓN-AGUSTÍN GUTIERREZ
445,19.35827,-99.156105,E445 RIFF-AVENIDA RIO CHURUBUSCO
446,19.3586,-99.156101,446 RIFF-AVENIDA RIO CHURUBUSCO
447,19.418858,-99.176776,447 AGUSTÍN MELGAR-ZAMORA
448,19.426611,-99.14447,448 DR. ANDRADE - ARCOS DE BELÉN
449,19.42018,-99.174393,E449 ACAPULCO-PUEBLA
450,19.43836,-99.152226,450 RAMOS ARIZPE-PUENTE DE ALVARADO
451,19.42902,-99.201322,451 CAMPOS ELÍSEOS-GOLDSMITH
452,19.435031,-99.179838,452 LEIBNITZ-AV. EJERCITO NACIONAL
453,19.424842,-99.203739,453 PEDREGAL-TEAPA
454,19.425905,-99.204236,E454 MONTES URALES-MONTE PELVOUX
455,19.426308,-99.203302,455 PEDREGAL-FERROCARRIL DE CUERNAVACA
456,19.427517,-99.208412,456 ALPES-MONTES ESCANDINAVOS
457,19.42703,-99.212845,E457 AV. PRADO NORTE-EXPLANADA
458,19.428679,-99.206605,458 MONTES URALES-VOLCÁN
459,19.429243,-99.207267,E459 VOLCÁN-MONTES URALES
460,19.437014,-99.207932,460 JUAN VÁZQUEZ DE MELLA-HOMERO
461,19.440106,-99.210031,461 PRESA DON MARTÍN-BOULEVARD MIGUEL DE CERVANTES
462,19.442338,-99.205198,462 PRESA FALCÓN-DANXHÓ
463,19.442338,-99.202492,463 LAGO ANDRÓMACO-LAGO ZURICH
464,19.442421,-99.199838,E464 MATEO ALEMÁN-PROLONGACIÓN MOLIERE 
465,19.445039,-99.194078,465 LAGUNA DE GINEBRA-LAGO WETTER
466,19.44269,-99.19083,466  LAGO ONEGA-LAGO LADOGA
467,19.440399,-99.186784,E467  LAGO MAYOR-LAGO ALBERTO
468,19.434183,-99.173089,468 LAGO XOCHIMILCO-AV. EJÉRCITO NACIONAL
469,19.434183,-99.173089,E469 BAHÍA DE LA CONCEPCIÓN-BAHÍA DE TODOS LOS SAN
470,19.435039,-99.173879,470 BAHÍA DE LAS PALMAS-BAHÍA DE TODOS LOS SANTOS
471,19.436287,-99.174888,471 BAHÍA DE CHACHALACAS-BAHÍA SANTA BÁRBARA 
472,19.437667,-99.17711,E472 BAHÍA SANTA BÁRBARA-BAHÍA DE BALLENAS 
473,19.438143,-99.17519,473 BAHÍA DEL ESPÍRITU SANTO-BAHÍA DE BANDERAS
474,19.438984,-99.177549,474 BAHÍA DE SAN HIPÓLITO-BAHÍA DEL ESPÍRITU SANTO
475,19.439249,-99.181065,475 LAGO MURITZ-LAGO ALBERTO
476,19.442127,-99.184433,476 LAGO COMO-LAGUNA DE MAYRÁN
477,19.440905,-99.181743,477 LAGO ISEO-LAGUNA DE MAYRÁN 
478,19.440818,-99.176961,478 LAGUNA DE MAYRÁN-LAGO CHALCO
479,19.444433,-99.179664,E479 LAGO MURITZ-AV. MARINA NACIONAL
480,19.446073,-99.181654,480 LAGO ISEO-AV. MARINA NACIONAL
